label,sample_size,distinct_matrices_in_sample,contains_1295,contains_1220,in_sample_total_cost,in_sample_worst_recourse,complete_library_total_cost,complete_library_worst_recourse,gap_vs_in_sample,gap_vs_exact_optimum,in_sample_rel_dev_from_exact_pct,C_depot_0,C_depot_1,q_mode_0,q_mode_1,q_mode_2,investment_cost,worst_scenario_id,worst_events_json,worst_unmet_tons,master_assembly_plus_lp_time_s,maximal_set_eval_time_s,wall_time_s
even_index,1000,999,False,False,3578972950.9803925,3509952648.459384,8278684856.582633,8209664554.061625,4699711905.602241,4697591383.547194,-0.059214373235813425,600.0,600.0,418.45938375345594,300.0,130.0,69020302.5210083,1295,"[[0, 0, 6], [1, 0, 6]]",770.0,14.694405317306519,2.7835047245025635,17.686870098114014
random_seed_0,1000,998,False,False,3578468258.331639,3509764161.5947514,8278365183.342832,8209661086.605944,4699896925.011192,4697271710.307392,-0.07330762862146106,600.0,600.0,455.2232342722976,187.6558262873135,130.0,68704096.73688784,1295,"[[0, 0, 6], [1, 0, 6]]",770.0,13.267842054367065,2.769212007522583,16.244767904281616
random_seed_1,1000,999,False,False,3578994533.3333335,3509915385.79235,8278741249.726776,8209662102.185793,4699746716.393442,4697647776.691338,-0.058611698295783374,600.0,600.0,442.9781420765027,300.0,130.0,69079147.5409836,1295,"[[0, 0, 6], [1, 0, 6]]",770.0,10.897671222686768,3.315062999725342,14.421128988265991
random_seed_2,1000,999,True,False,3580932734.823002,3512057833.3333335,3582996388.9556303,3514121487.465962,2063654.1326284409,1902915.920191288,-0.004488523230333512,600.0,600.0,358.3333333333333,143.0281915745635,208.33333333333334,68874901.48966843,1220,"[[0, 0, 6], [0, 6, 6]]",300.0,10.44632887840271,3.3092100620269775,13.963608980178833
random_seed_3,1000,1000,False,False,3579838093.1747284,3511244163.6461487,6579221517.559275,6510627588.030695,2999383424.3845463,2998128044.5238357,-0.035055769143231115,600.0,600.0,325.16219263945396,187.094518401366,158.33333333333334,68593929.52857961,1295,"[[0, 0, 6], [1, 0, 6]]",599.9999999999999,11.919543027877808,3.250783920288086,15.37915587425232
random_seed_4,1000,998,False,False,3579747608.7675047,3511169873.7061844,6579225303.687918,6510647568.626597,2999477694.920413,2998131830.6524787,-0.03758249479016052,600.0,600.0,317.29581629990435,187.8403061668261,158.33333333333334,68577735.06132035,1295,"[[0, 0, 6], [1, 0, 6]]",599.9999999999999,12.685845136642456,3.070369005203247,15.963788032531738
random_seed_5,1000,998,False,False,3579833097.3709397,3511181707.1693487,6579262241.744929,6510610851.543338,2999429144.3739896,2998168768.7094903,-0.035195274124775966,600.0,600.0,331.7513608901205,198.66303762634553,158.33333333333334,68651390.20159113,1295,"[[0, 0, 6], [1, 0, 6]]",599.9999999999999,11.933655977249146,3.5117321014404297,15.653451919555664
random_seed_6,1000,999,False,False,3579034712.7659574,3509675000.0,8279018112.765958,8209658400.0,4699983400.0,4697924639.730518,-0.05748971047484538,600.0,600.0,500.0,339.92021276595744,130.0,69359712.76595744,1295,"[[0, 0, 6], [1, 0, 6]]",770.0,10.6234769821167,3.1997199058532715,14.03258490562439
random_seed_7,1000,999,False,False,3578872857.264957,3510130805.982907,8278598229.059828,8209856177.777778,4699725371.79487,4697504756.024389,-0.06200943335332168,600.0,600.0,294.44444444444446,305.3846153843403,130.0,68742051.2820503,1295,"[[0, 0, 6], [1, 0, 6]]",770.0,12.031433820724487,3.536655902862549,15.778496980667114
random_seed_8,1000,998,False,False,3578532366.6666665,3509457700.0,10677838111.11111,10608763444.444445,7099305744.444445,7096744638.075672,-0.07151743980035345,600.0,600.0,261.1111111111111,499.9999999999999,90.0,69074666.66666667,1295,"[[0, 0, 6], [1, 0, 6]]",1010.0,13.144457817077637,3.5377461910247803,16.88949990272522
random_seed_9,1000,998,False,False,3579741368.251166,3511159654.1705956,6579163523.249168,6510581809.168598,2999422154.9980025,2998070050.2137294,-0.0377567576622641,600.0,600.0,343.18536669320366,171.68588902957023,158.33333333333334,68581714.08057015,1295,"[[0, 0, 6], [1, 0, 6]]",599.9999999999999,13.44839882850647,3.2973711490631104,16.94811701774597
random_seed_10,1000,999,False,False,3579631168.81259,3511020494.379727,6579157007.766199,6510546333.333336,2999525838.953609,2998063534.73076,-0.04083401435510145,600.0,600.0,358.3333333333333,169.63178690644557,158.33333333333331,68610674.4328632,1295,"[[0, 0, 6], [1, 0, 6]]",600.0000000000002,11.88525390625,3.303338050842285,15.390653848648071
random_seed_11,1000,999,False,False,3579863834.7047434,3511273287.754114,6579260880.283961,6510670333.333332,2999397045.579218,2998167407.2485223,-0.03433695154718628,600.0,600.0,308.3333333333333,197.37415295258074,158.33333333333334,68590546.9506293,1295,"[[0, 0, 6], [1, 0, 6]]",599.9999999999999,12.168401956558228,3.4026103019714355,15.77065896987915
random_seed_12,1000,997,False,False,3578743100.0,3509887100.0,8278567400.0,8209711400.0,4699824300.0,4697473926.964561,-0.0656328312326003,600.0,600.0,350.0,300.0,130.0,68856000.0,1295,"[[0, 0, 6], [1, 0, 6]]",770.0,12.948801040649414,2.797982931137085,15.949111938476562
random_seed_13,1000,998,False,False,3579648127.8705635,3510988438.413361,6579188049.712943,6510528360.25574,2999539921.8423796,2998094576.677504,-0.040360442299496604,600.0,600.0,383.5921189979123,166.4078810020877,158.33333333333334,68659689.45720251,1295,"[[0, 0, 6], [1, 0, 6]]",599.9999999999999,11.605849027633667,3.0849552154541016,14.89451003074646
random_seed_14,1000,998,False,False,3579758169.486343,3511091275.886669,6579231393.599673,6510564499.999999,2999473224.1133304,2998137920.5642343,-0.037287592718552115,600.0,600.0,350.0,190.80377768717608,158.33333333333334,68666893.59967384,1295,"[[0, 0, 6], [1, 0, 6]]",599.9999999999999,13.17647099494934,3.1568400859832764,16.535037994384766
random_seed_15,1000,999,False,False,3578889900.0,3510105900.0,8278571600.0,8209787600.0,4699681700.0,4697478126.964561,-0.06153352466310246,600.0,600.0,320.0,300.0,130.0,68784000.0,1295,"[[0, 0, 6], [1, 0, 6]]",770.0,13.300631046295166,2.977738857269287,16.47846293449402
random_seed_16,1000,999,False,False,3577924774.108322,3509162000.0,10077523274.108322,10008760500.0,6499598500.0,6496429801.072884,-0.08848411668045597,600.0,600.0,450.0,267.43725231175694,100.0,68762774.10832232,1295,"[[0, 0, 6], [1, 0, 6]]",950.0,12.973237991333008,3.107583999633789,16.281944036483765
random_seed_17,1000,997,False,False,3578855500.0,3510119500.0,8278574400.0,8209838400.0,4699718900.0,4697480926.964561,-0.06249412511263057,600.0,600.0,300.0,300.0,130.0,68736000.0,1295,"[[0, 0, 6], [1, 0, 6]]",770.0,11.766775131225586,3.314436912536621,15.280903816223145
random_seed_18,1000,999,False,False,3579052802.3255816,3509783500.0,8278927702.325582,8209658400.0,4699874900.0,4697834229.290142,-0.05698456980313703,600.0,600.0,500.0,314.80620155038764,130.0,69269302.3255814,1295,"[[0, 0, 6], [1, 0, 6]]",770.0,10.710442066192627,3.0621511936187744,13.973626136779785
random_seed_19,1000,998,False,False,3578851100.0,3510115100.0,8278574400.0,8209838400.0,4699723300.0,4697480926.964561,-0.06261699261198882,600.0,600.0,300.0,300.0,130.0,68736000.0,1295,"[[0, 0, 6], [1, 0, 6]]",770.0,13.17290711402893,3.2114129066467285,16.585295915603638
random_seed_20,1000,999,False,False,3578891100.0,3510155100.0,8278574400.0,8209838400.0,4699683300.0,4697480926.964561,-0.06150001534509567,600.0,600.0,300.0,300.0,130.0,68736000.0,1295,"[[0, 0, 6], [1, 0, 6]]",770.0,10.729283809661865,3.318647861480713,14.249358892440796
random_seed_21,1000,999,False,False,3578844013.296399,3510072212.7423825,8278610200.554016,8209838400.0,4699766187.257617,4697516727.518578,-0.06281488478247373,600.0,600.0,300.0,309.94459833788375,130.0,68771800.55401638,1295,"[[0, 0, 6], [1, 0, 6]]",770.0,13.128225088119507,3.2411129474639893,16.57035803794861
random_seed_22,1000,999,False,False,3578854711.111111,3510132044.4444447,8278578844.444445,8209856177.777778,4699724133.333334,4697485371.409006,-0.06251615438650393,600.0,600.0,294.44444444444446,300.0,130.0,68722666.66666667,1295,"[[0, 0, 6], [1, 0, 6]]",770.0,11.89855408668518,3.399106979370117,15.499653816223145
random_seed_23,1000,999,False,False,3578853611.1111107,3510050944.444444,8278570511.111112,8209767844.444445,4699716900.000001,4697477038.075672,-0.0625468712613568,600.0,600.0,327.77777777777777,300.0,130.0,68802666.66666667,1295,"[[0, 0, 6], [1, 0, 6]]",770.0,13.587693691253662,2.8815817832946777,16.670269012451172
random_seed_24,1000,1000,False,False,3578890104.195804,3509971502.7972026,8278597916.083916,8209679314.685314,4699707811.888111,4697504443.048477,-0.061527822611322565,600.0,600.0,376.08391608394214,300.0,130.0,68918601.39860146,1295,"[[0, 0, 6], [1, 0, 6]]",770.0,11.290986061096191,3.0988609790802,14.589534044265747
random_seed_25,1000,998,False,False,3579788747.649247,3511181688.458784,6579216027.088531,6510608967.898067,2999427279.4392834,2998122554.0530915,-0.036433714897866704,600.0,600.0,332.4929535163109,185.85447278440068,158.33333333333334,68607059.19046299,1295,"[[0, 0, 6], [1, 0, 6]]",599.9999999999999,10.032488346099854,3.381351947784424,13.6162748336792
random_seed_26,1000,999,False,False,3579008402.4691358,3509839883.9506173,8278828105.555555,8209659587.037037,4699819703.08642,4697734632.520117,-0.05822441056071867,600.0,600.0,480.21604938271605,300.0,130.0,69168518.51851852,1295,"[[0, 0, 6], [1, 0, 6]]",770.0,12.43285608291626,2.9967432022094727,15.633874893188477
random_seed_27,1000,999,False,False,3579040972.3404255,3509822100.0,8278877272.3404255,8209658400.0,4699836300.0,4697783799.304987,-0.057314915415312064,600.0,600.0,500.0,300.79787234042556,130.0,69218872.34042554,1295,"[[0, 0, 6], [1, 0, 6]]",770.0,10.812594890594482,3.0733838081359863,14.087642908096313
random_seed_28,1000,998,False,False,3579715196.1121397,3510862500.0,4680373196.11214,4611520500.0,1100658000.0,1099279723.0767007,-0.03848759977021893,600.0,600.0,350.0,179.08225337212377,190.0,68852696.11213964,1295,"[[0, 0, 6], [1, 0, 6]]",410.0,12.953007698059082,3.2415549755096436,16.398499965667725
random_seed_29,1000,999,False,False,3578880900.0,3510144900.0,8278574400.0,8209838400.0,4699693500.0,4697480926.964561,-0.061784844548153424,600.0,600.0,300.0,300.0,130.0,68736000.0,1295,"[[0, 0, 6], [1, 0, 6]]",770.0,12.3260018825531,3.2774431705474854,15.805759906768799
random_seed_30,1000,999,False,False,3578830500.0,3510094500.0,8278574400.0,8209838400.0,4699743900.0,4697480926.964561,-0.06319223590443879,600.0,600.0,300.0,300.0,130.0,68736000.0,1295,"[[0, 0, 6], [1, 0, 6]]",770.0,13.759485006332397,3.116323947906494,17.07755708694458
random_seed_31,1000,999,False,False,3579736575.488455,3510925807.282416,6579329498.889875,6510518730.683836,2999592923.4014206,2998236025.8544364,-0.037890592837110444,600.0,600.0,407.69316163411366,192.3068383658864,158.33333333333334,68810768.20603907,1295,"[[0, 0, 6], [1, 0, 6]]",599.9999999999999,11.420878171920776,2.7868669033050537,14.40855884552002
random_seed_32,1000,1000,False,False,3579795446.888549,3511236010.6796737,6579173749.537748,6510614313.328873,2999378302.6491995,2998080276.5023093,-0.03624664244773032,600.0,600.0,330.388453200714,174.02886699821477,158.33333333333331,68559436.20887528,1295,"[[0, 0, 6], [1, 0, 6]]",600.0000000000002,11.401127099990845,3.277554988861084,14.877731800079346
random_seed_33,1000,998,False,False,3579788075.0772157,3511254340.223331,6579127306.961273,6510593572.1073885,2999339231.8840575,2998033833.925834,-0.03645249608960499,600.0,600.0,338.5542884295543,161.44571157044427,158.33333333333334,68533734.85388453,1295,"[[0, 0, 6], [1, 0, 6]]",599.9999999999999,10.20906400680542,2.9405829906463623,13.349807739257812
random_seed_34,1000,999,False,False,3578978952.631579,3509801100.0,8278839252.631579,8209661400.0,4699860300.0,4697745779.59614,-0.059046780537335794,600.0,600.0,450.0,322.7368421052632,130.0,69177852.63157895,1295,"[[0, 0, 6], [1, 0, 6]]",770.0,10.805610179901123,3.111157178878784,14.11812686920166
random_seed_35,1000,1000,False,False,3580039017.2185435,3511021454.304636,6402849811.920528,6333832249.006621,2822810794.701985,2821756338.8850894,-0.029445079410387393,600.0,600.0,350.0,282.31788079470186,161.280353200883,69017562.91390729,1295,"[[0, 0, 6], [1, 0, 6]]",582.3178807947019,11.97726583480835,3.1671671867370605,15.348108768463135
random_seed_36,1000,999,False,False,3579831070.939794,3511242821.1600585,6579213651.967693,6510625402.187958,2999382581.0278993,2998120178.9322543,-0.03525186106284185,600.0,600.0,326.02276064610584,184.94309838473535,158.33333333333334,68588249.7797357,1295,"[[0, 0, 6], [1, 0, 6]]",599.9999999999999,10.602492332458496,2.937919855117798,13.738929033279419
random_seed_37,1000,999,False,False,3578913097.206031,3510004693.7942724,8278590495.526741,8209682092.114983,4699677398.32071,4697497022.4913025,-0.060885755868305184,600.0,600.0,371.464330673004,300.24694948420614,130.0,68908403.41175835,1295,"[[0, 0, 6], [1, 0, 6]]",770.0,10.815169095993042,2.935556173324585,13.95116901397705
random_seed_38,1000,1000,False,False,3579006164.044944,3509834725.8426967,8278830952.247191,8209659514.044944,4699824788.202248,4697737479.211752,-0.05828691728412051,600.0,600.0,481.4325842696629,300.0,130.0,69171438.20224719,1295,"[[0, 0, 6], [1, 0, 6]]",770.0,10.744610071182251,3.0701568126678467,14.014283895492554
random_seed_39,1000,1000,False,False,3579803032.2654266,3511180976.580669,6579230619.8597,6510608564.174943,2999427587.5942736,2998137146.824261,-0.03603482510939776,600.0,600.0,332.65189962836774,189.91420156924588,158.33333333333334,68622055.68475737,1295,"[[0, 0, 6], [1, 0, 6]]",599.9999999999999,14.886854887008667,3.1216423511505127,18.208597898483276
random_seed_40,1000,999,False,False,3578819364.735305,3510073474.7749186,8278583784.487749,8209837894.527363,4699764419.752444,4697490311.452311,-0.06350318184257228,600.0,600.0,300.1990049753092,302.6145412348386,130.0,68745889.96038616,1295,"[[0, 0, 6], [1, 0, 6]]",770.0,12.528111696243286,3.258578062057495,15.987740993499756
random_seed_41,1000,1000,False,False,3579044942.857143,3509905800.0,8278799464.285714,8209660321.428572,4699754521.428572,4697705991.250275,-0.05720404099253224,600.0,600.0,467.9761904761905,300.0,130.0,69139142.85714285,1295,"[[0, 0, 6], [1, 0, 6]]",770.0,12.403241157531738,2.6497550010681152,15.256659984588623
random_seed_42,1000,998,False,False,3579765627.1551723,3511141137.765252,6579188989.389919,6510564499.999999,2999423362.234747,2998095516.3544803,-0.03707934155488953,600.0,600.0,350.0,179.02483053344068,158.33333333333334,68624489.38992038,1295,"[[0, 0, 6], [1, 0, 6]]",599.9999999999999,10.407807111740112,3.1372077465057373,13.744837760925293
random_seed_43,1000,998,False,False,3579741841.433611,3511121113.693626,6579148736.855634,6510528009.115649,2999406895.422023,2998055263.8201947,-0.03774354431140877,600.0,600.0,384.2423784328546,155.15167548500887,158.33333333333331,68620727.73998488,1295,"[[0, 0, 6], [1, 0, 6]]",600.0000000000002,11.997775077819824,3.308027982711792,15.515246868133545
random_seed_44,1000,998,False,False,3578805656.25,3509977145.380435,8278539910.869565,8209711400.0,4699734254.619565,4697446437.8341255,-0.06388598350379819,600.0,600.0,350.0,292.3641304347826,130.0,68828510.86956522,1295,"[[0, 0, 6], [1, 0, 6]]",770.0,10.872724294662476,3.0792200565338135,14.151095151901245
random_seed_45,1000,1000,False,False,3578906500.0,3510170500.0,8278574400.0,8209838400.0,4699667900.0,4697480926.964561,-0.06106997909734181,600.0,600.0,300.0,300.0,130.0,68736000.0,1295,"[[0, 0, 6], [1, 0, 6]]",770.0,10.879337072372437,2.9713079929351807,14.052692890167236
random_seed_46,1000,999,False,False,3579852556.481664,3511195043.2840242,6579212932.6849785,6510555419.487338,2999360376.2033143,2998119459.6495395,-0.03465188951694681,600.0,600.0,354.1653727803969,185.42119526861077,158.33333333333334,68657513.19763996,1295,"[[0, 0, 6], [1, 0, 6]]",599.9999999999999,10.948957920074463,2.957109212875366,14.105780124664307
random_seed_47,1000,999,False,False,3579827947.2045507,3511145168.2486787,6579221512.992695,6510538734.036823,2999393565.788144,2998128039.957256,-0.035339089594206397,600.0,600.0,366.087717526685,184.4912316132966,158.33333333333334,68682778.95587191,1295,"[[0, 0, 6], [1, 0, 6]]",599.9999999999999,10.328830003738403,3.280517816543579,13.813791990280151
random_seed_48,1000,1000,False,False,3578854711.1111145,3510132044.444448,8278578844.444445,8209856177.777778,4699724133.33333,4697485371.409006,-0.06251615438641071,600.0,600.0,294.44444444444446,300.0,130.0,68722666.66666667,1295,"[[0, 0, 6], [1, 0, 6]]",770.0,13.742642164230347,2.978890895843506,16.921483993530273
random_seed_49,1000,1000,False,False,3580218500.0,3510930500.0,4680808500.0,4611520500.0,1100590000.0,1099715026.964561,-0.0244331247432467,600.0,600.0,350.0,300.0,190.0,69288000.0,1295,"[[0, 0, 6], [1, 0, 6]]",410.0,10.028754949569702,3.1190600395202637,13.348858833312988
random_seed_50,1000,998,False,False,3578747232.0175443,3509904863.5964913,8278535601.754387,8209693233.333334,4699788369.736843,4697442128.718948,-0.06551744699101648,600.0,600.0,358.3333333333333,290.65789473688415,129.99999999999997,68842368.42105278,1295,"[[0, 0, 6], [1, 0, 6]]",770.0000000000001,11.100264072418213,3.259526014328003,14.560086011886597
random_seed_51,1000,999,False,False,3579825800.33146,3511262730.7248883,6579218733.607147,6510655664.000576,2999392933.275687,2998125260.571708,-0.03539903980513804,600.0,600.0,314.10866119036984,185.89133880963018,158.33333333333334,68563069.60657156,1295,"[[0, 0, 6], [1, 0, 6]]",599.9999999999999,13.358844757080078,3.2451508045196533,16.80704379081726
random_seed_52,1000,998,False,False,3579710475.7702646,3511076978.4719496,6579182572.510177,6510549075.211862,2999472096.739912,2998089099.4747376,-0.03861941263437953,600.0,600.0,357.07559088893277,176.80996671717787,158.33333333333334,68633497.29831529,1295,"[[0, 0, 6], [1, 0, 6]]",599.9999999999999,13.050470113754272,3.3350331783294678,16.583693027496338
random_seed_53,1000,1000,False,False,3579223098.0926433,3509845245.231608,8279036252.861035,8209658400.0,4699813154.768393,4697942779.825596,-0.05222915729173551,600.0,600.0,567.4386920980926,300.0,130.0,69377852.86103542,1295,"[[0, 0, 6], [1, 0, 6]]",770.0,11.705247163772583,3.0034422874450684,14.909577131271362
random_seed_54,1000,998,False,False,3578817758.2677164,3510056340.944882,8278599817.322835,8209838400.0,4699782059.055119,4697506344.2873955,-0.06354804153697906,600.0,600.0,300.0,307.0603674540682,130.0,68761417.32283464,1295,"[[0, 0, 6], [1, 0, 6]]",770.0,11.286162853240967,3.0877888202667236,14.57752275466919
random_seed_55,1000,998,False,False,3580066676.983125,3511183157.2158914,4680791544.343235,4611908024.576001,1100724867.3601098,1099698071.307796,-0.02867269620425357,600.0,600.0,354.3561339471244,184.75353118506442,189.99337965195804,68883519.76723343,1295,"[[0, 0, 6], [1, 0, 6]]",410.03972208825166,11.883316278457642,3.128380060195923,15.214477062225342
random_seed_56,1000,999,False,False,3577811648.9257812,3509487469.2382812,10077224348.632812,10008900168.945312,6499412699.707031,6496130875.597374,-0.09164307311073885,600.0,600.0,314.697265625,235.80729166666666,100.0,68324179.6875,1295,"[[0, 0, 6], [1, 0, 6]]",950.0,11.745643615722656,3.106006145477295,15.052236080169678
random_seed_57,1000,999,False,False,3578861167.9245286,3510070149.056604,8278629418.867925,8209838400.0,4699768250.943396,4697535945.832485,-0.0623358515414078,600.0,600.0,300.0,315.2830188679245,130.0,68791018.86792453,1295,"[[0, 0, 6], [1, 0, 6]]",770.0,10.896018981933594,3.1810781955718994,14.277729034423828
random_seed_58,1000,1000,False,False,3578809668.987342,3510061896.835443,8278562517.540687,8209814745.388788,4699752848.553345,4697469044.505247,-0.06377393009407584,600.0,600.0,309.31283905967456,297.06148282097683,130.0,68747772.15189874,1295,"[[0, 0, 6], [1, 0, 6]]",770.0,12.351423025131226,3.179300308227539,15.731864929199219
random_seed_59,1000,998,False,False,3578831767.759563,3510111505.4644804,8278558662.295082,8209838400.0,4699726894.535519,4697465189.259644,-0.0631568344391457,600.0,600.0,300.0,295.62841530066834,130.0,68720262.2950824,1295,"[[0, 0, 6], [1, 0, 6]]",770.0,11.283707857131958,3.245310068130493,14.731762170791626
random_seed_60,1000,997,True,False,3581012534.3915343,3512076000.0,3582034345.458554,3513097811.0670195,1021811.0670194626,940872.4231147766,-0.0022601656313673384,600.0,600.0,350.0,165.70399764844208,208.33333333333334,68936534.39153439,1220,"[[0, 0, 6], [0, 6, 6]]",300.0,12.336695194244385,3.1871931552886963,15.725883960723877
random_seed_61,1000,999,False,False,3580044109.437306,3511035735.489588,6364572522.374832,6295564148.427114,2784528412.937526,2783479049.339393,-0.02930288209549627,600.0,600.0,350.0,278.4891448825873,161.9184758529021,69008373.9477182,1295,"[[0, 0, 6], [1, 0, 6]]",578.4891448825873,11.28977370262146,3.2351248264312744,14.725860834121704
random_seed_62,1000,998,False,False,3579049447.928994,3509916311.8343196,8278793607.692307,8209660471.597633,4699744159.763313,4697700134.656868,-0.05707823942144299,600.0,600.0,465.4733727810651,300.0,130.0,69133136.09467456,1295,"[[0, 0, 6], [1, 0, 6]]",770.0,12.37057089805603,3.1130142211914062,15.684509992599487
random_seed_63,1000,997,False,False,3580002987.7871017,3511120197.3092175,4680719151.051739,4611836360.5738535,1100716163.264637,1099625678.0162997,-0.030451180806876338,600.0,600.0,373.75549377009287,171.61636234965022,189.9942206080395,68882790.47788484,1295,"[[0, 0, 6], [1, 0, 6]]",410.03467635176287,11.294872045516968,3.185251235961914,14.680952072143555
random_seed_64,1000,997,False,False,3579632255.2686253,3510996787.7708516,6579173634.16444,6510538166.666666,2999541378.895815,2998080161.129001,-0.04080367568778327,600.0,600.0,366.6666666666667,170.96319382605267,158.33333333333334,68635467.4977738,1295,"[[0, 0, 6], [1, 0, 6]]",599.9999999999999,13.843938827514648,3.314255952835083,17.3592472076416
random_seed_65,1000,999,False,False,3578808983.3333335,3510052983.3333335,8278573233.333333,8209817233.333333,4699764250.0,4697479760.297894,-0.06379307659258394,600.0,600.0,308.3333333333333,300.0,130.0,68756000.0,1295,"[[0, 0, 6], [1, 0, 6]]",770.0,14.329928874969482,2.8734028339385986,17.40434718132019
random_seed_66,1000,997,False,False,3578860044.2934785,3510055076.902174,8278643367.391304,8209838400.0,4699783323.097826,4697549894.3558655,-0.0623672282998915,600.0,600.0,300.0,319.1576086956522,130.0,68804967.39130434,1295,"[[0, 0, 6], [1, 0, 6]]",770.0,10.450507164001465,3.1130969524383545,13.76607894897461
random_seed_67,1000,999,False,False,3579860589.579586,3511254884.233036,6579209642.227027,6510603936.880477,2999349052.647441,2998116169.191588,-0.03442756982291103,600.0,600.0,334.4736691033043,184.15792797273053,158.33333333333334,68605705.34654976,1295,"[[0, 0, 6], [1, 0, 6]]",599.9999999999999,11.860903978347778,3.231736660003662,15.294071912765503
random_seed_68,1000,999,False,False,3579815126.941946,3511215588.9206867,6579214838.021258,6510615299.999999,2999399711.0793123,2998121364.9858193,-0.03569708814133303,600.0,600.0,330.0,185.4272281275552,158.33333333333334,68599538.0212592,1295,"[[0, 0, 6], [1, 0, 6]]",599.9999999999999,10.903722047805786,2.9220380783081055,14.028146266937256
random_seed_69,1000,997,False,False,3579683694.517913,3510862500.0,4680341694.517913,4611520500.0,1100658000.0,1099248221.4824739,-0.03936726388577566,600.0,600.0,350.0,170.33181053137773,190.0,68821194.51791295,1295,"[[0, 0, 6], [1, 0, 6]]",410.0,10.968125820159912,3.04988431930542,14.218061923980713
random_seed_70,1000,1000,False,False,3579805437.293992,3511131783.2784963,6579207349.9855,6510533695.970004,2999401912.6915083,2998113876.9500613,-0.03596766605355306,600.0,600.0,373.8774677343017,176.76335914830216,158.33333333333334,68673654.01549621,1295,"[[0, 0, 6], [1, 0, 6]]",599.9999999999999,11.669328927993774,3.2905020713806152,15.159846067428589
random_seed_71,1000,1000,False,False,3579016340.7772565,3509839765.4861636,8278836451.397247,8209659876.106154,4699820110.619991,4697742978.361809,-0.05800273781800752,600.0,600.0,475.39823075759864,305.4498714652959,130.0,69176575.2910933,1295,"[[0, 0, 6], [1, 0, 6]]",770.0,10.907580137252808,2.9963181018829346,14.106751918792725
random_seed_72,1000,999,False,False,3578950123.9436617,3509903222.535211,8278710347.183099,8209663445.774648,4699760223.239437,4697616874.147659,-0.059851805263283445,600.0,600.0,429.5422535211268,300.0,130.0,69046901.40845071,1295,"[[0, 0, 6], [1, 0, 6]]",770.0,10.6661958694458,3.160137891769409,14.027741193771362
random_seed_73,1000,999,True,False,3580966757.02956,3512076000.0,3582567590.9637103,3513676833.93415,1600833.934150219,1474117.9282712936,-0.003538472447956438,600.0,600.0,350.0,152.98806376672655,208.33333333333334,68890757.02956021,1220,"[[0, 0, 6], [0, 6, 6]]",300.0,13.064950942993164,3.2599709033966064,16.52589988708496
random_seed_74,1000,998,False,False,3580218500.0,3510930500.0,4680808500.0,4611520500.0,1100590000.0,1099715026.964561,-0.0244331247432467,600.0,600.0,350.0,300.0,190.0,69288000.0,1295,"[[0, 0, 6], [1, 0, 6]]",410.0,11.14133596420288,3.0712409019470215,14.412271976470947
random_seed_75,1000,999,False,False,3578855500.0,3510119500.0,8278574400.0,8209838400.0,4699718900.0,4697480926.964561,-0.06249412511263057,600.0,600.0,300.0,300.0,130.0,68736000.0,1295,"[[0, 0, 6], [1, 0, 6]]",770.0,9.472770690917969,3.3586366176605225,13.033375978469849
random_seed_76,1000,999,False,False,3579723577.502304,3511128725.5259447,6579142741.636393,6510547889.660033,2999419164.1340885,2998049268.6009536,-0.0382535542132547,600.0,600.0,357.61942200292793,165.71260098682427,158.33333333333334,68594851.97635959,1295,"[[0, 0, 6], [1, 0, 6]]",599.9999999999999,12.79662013053894,3.311859130859375,16.31039309501648
random_seed_77,1000,999,False,False,3578912557.0014143,3510004415.5586987,8278590071.570014,8209681930.127298,4699677514.5686,4697496598.5345745,-0.06090084077520902,600.0,600.0,371.72560113154174,300.0,130.0,68908141.4427157,1295,"[[0, 0, 6], [1, 0, 6]]",770.0,12.342347145080566,3.012241840362549,15.556167840957642
random_seed_78,1000,999,False,False,3579824481.738487,3511189442.151527,6579213327.958747,6510578288.371787,2999388846.22026,2998119854.923308,-0.03543586076452268,600.0,600.0,344.5715071701352,185.57443604209075,158.33333333333334,68635039.58695985,1295,"[[0, 0, 6], [1, 0, 6]]",599.9999999999999,10.11764931678772,3.4085028171539307,13.72999906539917
random_seed_79,1000,1000,False,False,3580013359.733548,3511188515.7305374,4680718995.978613,4611894151.975602,1100705636.2450647,1099625522.943174,-0.030161550097024266,600.0,600.0,324.9041317773283,188.0864706914759,189.99483225773113,68824844.00301057,1295,"[[0, 0, 6], [1, 0, 6]]",410.03100645361326,13.232322692871094,3.345593214035034,16.77794313430786
random_seed_80,1000,999,False,False,3579705573.825503,3511019869.1275163,6579232038.031319,6510546333.333332,2999526464.205816,2998138564.9958797,-0.03875629665594063,600.0,600.0,358.3333333333333,190.47352721849694,158.33333333333334,68685704.69798659,1295,"[[0, 0, 6], [1, 0, 6]]",599.9999999999999,13.249048948287964,3.407536268234253,16.86013960838318
random_seed_81,1000,998,False,False,3578906500.0,3510170500.0,8278574400.0,8209838400.0,4699667900.0,4697480926.964561,-0.06106997909734181,600.0,600.0,300.0,300.0,130.0,68736000.0,1295,"[[0, 0, 6], [1, 0, 6]]",770.0,12.567378044128418,3.6425938606262207,16.42935037612915
random_seed_82,1000,999,False,False,3579801620.419043,3511198526.6650114,6579177964.131551,6510574870.37752,2999376343.7125077,2998084491.096112,-0.03607425011726763,600.0,600.0,345.9171742044408,175.80348220580618,158.33333333333334,68603093.75403155,1295,"[[0, 0, 6], [1, 0, 6]]",599.9999999999999,12.624179124832153,3.6981828212738037,16.530985832214355
random_seed_83,1000,999,False,False,3579713816.6942964,3511063235.1598206,6579189524.597824,6510538943.063348,2999475707.9035277,2998096051.562385,-0.03852611922953292,600.0,600.0,365.87442515442063,175.68969836267084,158.33333333333334,68650581.53447622,1295,"[[0, 0, 6], [1, 0, 6]]",599.9999999999999,12.122505903244019,3.6016452312469482,15.938768863677979
random_seed_84,1000,998,False,False,3579756636.2319922,3511208383.8715014,6550673105.251851,6482124852.89136,2970916469.019859,2969579632.216412,-0.03733040797490349,600.0,600.0,351.4533508144494,155.930617719542,158.80751315918346,68548252.36049116,1295,"[[0, 0, 6], [1, 0, 6]]",597.1549210448992,12.365259885787964,3.397904872894287,15.976534843444824
random_seed_85,1000,997,False,False,3578498250.0,3509138250.0,8578921000.0,8509561000.0,5000422750.0,4997827526.964561,-0.07247012832756995,600.0,600.0,350.0,450.0,125.0,69360000.0,1295,"[[0, 0, 6], [1, 0, 6]]",800.0,12.12094497680664,3.570373058319092,15.906189918518066
random_seed_86,1000,999,False,False,3579700667.7291474,3511019910.355218,6579227090.707262,6510546333.333332,2999526422.9781146,2998133617.671823,-0.038893296608395925,600.0,600.0,358.3333333333333,189.09927053598233,158.33333333333334,68680757.37392953,1295,"[[0, 0, 6], [1, 0, 6]]",599.9999999999999,11.78279185295105,3.6129579544067383,15.60758113861084
random_seed_87,1000,999,False,False,3578905240.5023546,3509994081.9466248,8278592309.262166,8209681150.706436,4699687068.759811,4697498836.226727,-0.06110514985328163,600.0,600.0,372.9827315541601,300.0,130.0,68911158.55572999,1295,"[[0, 0, 6], [1, 0, 6]]",770.0,13.27650499343872,3.181472063064575,16.671898126602173
random_seed_88,1000,999,False,False,3578615500.0,3509630500.0,10078022500.0,10009037500.0,6499407000.0,6496929026.964561,-0.06919598871398942,600.0,600.0,268.75,450.0,100.0,68985000.0,1295,"[[0, 0, 6], [1, 0, 6]]",950.0,14.811322212219238,3.719404697418213,18.748791217803955
random_seed_89,1000,998,False,False,3578682349.190618,3509951707.8200955,7622173965.12341,7553443323.752888,4043491615.932792,4041080492.087971,-0.06732926305822555,600.0,600.0,347.01260087781407,245.28292982207722,140.94341403558457,68730641.37052244,1295,"[[0, 0, 6], [1, 0, 6]]",704.3395157864927,13.156523942947388,3.5726988315582275,16.948097944259644
random_seed_90,1000,997,False,False,3579786896.1966324,3510832622.7777257,4680446627.159539,4611492353.740633,1100659730.9629068,1099353154.1241002,-0.0364854156599028,600.0,600.0,369.5907409136995,194.23767797603836,190.0,68954273.41890661,1295,"[[0, 0, 6], [1, 0, 6]]",410.0,12.954528093338013,3.4955227375030518,16.66045379638672
random_seed_91,1000,995,False,False,3578944210.3004293,3510049068.669528,8278580558.798284,8209685417.167382,4699636348.497854,4697487085.762844,-0.0600169403896596,600.0,600.0,366.3090128755236,300.0,130.0,68895141.63090126,1295,"[[0, 0, 6], [1, 0, 6]]",770.0,12.451687812805176,3.1445751190185547,15.812657117843628
random_seed_92,1000,1000,False,False,3579050074.418605,3509744400.0,8278964074.418605,8209658400.0,4699914000.0,4697870601.383165,-0.05706074505511635,600.0,600.0,500.0,324.90956072351423,130.0,69305674.41860466,1295,"[[0, 0, 6], [1, 0, 6]]",770.0,11.729262828826904,3.2111408710479736,15.156522989273071
random_seed_93,1000,999,False,False,3579675739.0580354,3511001936.162582,6579210072.655235,6510536269.759782,2999534333.5972,2998116599.6197963,-0.03958941558154661,600.0,600.0,369.72619389904804,179.57223058215257,158.33333333333334,68673802.89545347,1295,"[[0, 0, 6], [1, 0, 6]]",599.9999999999999,11.31920838356018,3.254610061645508,14.788759231567383
random_seed_94,1000,999,False,False,3579705312.9361663,3511131084.380173,6579126874.904588,6510552646.348595,2999421561.9684215,2998033401.8691487,-0.03876358184239417,600.0,600.0,355.4374547725507,161.43851792741802,158.33333333333334,68574228.55599283,1295,"[[0, 0, 6], [1, 0, 6]]",599.9999999999999,12.005880117416382,3.6834049224853516,15.90723729133606
random_seed_95,1000,999,False,False,3579953910.775979,3511019547.9189544,4680643320.485474,4611708957.6284485,1100689409.7094946,1099549847.4500346,-0.03182162845065438,600.0,600.0,350.0,201.7737453691437,189.9968574577796,68934362.85702494,1295,"[[0, 0, 6], [1, 0, 6]]",410.0188552533224,13.08765983581543,3.4671716690063477,16.764904975891113
random_seed_96,1000,999,False,False,3579698206.8116536,3510843000.0,4680357540.144987,4611502333.333333,1100659333.3333335,1099264067.109548,-0.038962016330803345,600.0,600.0,358.3333333333333,174.22411434823584,190.0,68855206.81165364,1295,"[[0, 0, 6], [1, 0, 6]]",410.0,14.438478946685791,3.206571102142334,17.853185176849365
random_seed_97,1000,999,False,False,3579832264.873238,3511196296.8413053,6579216384.408536,6510580416.376603,2999384119.535298,2998122911.373097,-0.03521852114996292,600.0,600.0,343.7337099986243,186.39086887120712,158.33333333333334,68635968.03193304,1295,"[[0, 0, 6], [1, 0, 6]]",599.9999999999999,12.561051845550537,3.284666061401367,16.05327796936035
random_seed_98,1000,1000,False,True,3578562125.2888885,3510062469.2888885,8278338056.0,8209838400.0,4699775930.711111,4697244582.964561,-0.07068644718745407,600.0,600.0,300.0,234.3488888888985,130.0,68499656.00000003,1295,"[[0, 0, 6], [1, 0, 6]]",770.0,11.601356744766235,3.3225579261779785,15.139529943466187
random_seed_99,1000,996,False,False,3578980636.0742702,3509887819.098143,8278754349.602122,8209661532.625995,4699773713.527852,4697660876.566683,-0.05899977135692758,600.0,600.0,448.6737400530504,300.0,130.0,69092816.97612733,1295,"[[0, 0, 6], [1, 0, 6]]",770.0,11.14014220237732,3.1364006996154785,14.489461898803711
